id,price
1,615048
2,670106
3,500858
4,373794
5,890072
6,439328
7,195156
8,396064
9,340188
10,522599
11,1203165
12,351744
13,1857216
14,472950
15,559039
16,1475547
17,535483
18,420988
19,534454
20,436482
21,473937
22,1328789
23,532931
24,751644
25,314438
26,200907
27,610255
28,228411
29,598977
30,201218
31,670016
32,701094
33,444542
34,167400
35,237744
36,199752
37,245241
38,578802
39,632216
40,695809
41,662364
42,476850
43,880789
44,208318
45,237548
46,561763
47,424674
48,869823
49,1140643
50,2597737
51,366219
52,800770
53,773873
54,344810
55,512092
56,469787
57,611405
58,575198
59,306408
60,234623
61,228425
62,258984
63,408592
64,867812
65,283282
66,474814
67,829888
68,302239
69,821279
70,579216
71,472772
72,478328
73,625228
74,992801
75,487853
76,3264171
77,309728
78,641065
79,455241
80,2178882
81,216785
82,432483
83,469642
84,814617
85,402464
86,473469
87,430075
88,328460
89,372308
90,226589
91,533039
92,272463
93,553437
94,399266
95,891354
96,653642
97,1122636
98,441685
99,720395
100,276567
101,591546
102,442501
103,289614
104,471418
105,288026
106,822930
107,667459
108,458698
109,560779
110,367569
111,617938
112,494024
113,289917
114,425506
115,249597
116,380548
117,281095
118,910278
119,185318
120,281158
121,1044783
122,299686
123,363085
124,628342
125,314202
126,317397
127,659522
128,738797
129,803139
130,240528
131,681823
132,491982
133,385548
134,407647
135,463028
136,678450
137,1194502
138,284736
139,548960
140,760077
141,718356
142,300007
143,703323
144,586312
145,540951
146,809318
147,2041258
148,326043
149,504136
150,1070570
151,1381385
152,1205363
153,332113
154,916412
155,535861
156,273781
157,182775
158,416757
159,201978
160,485135
161,693050
162,496022
163,604843
164,483583
165,575495
166,387303
167,582285
168,574596
169,291966
170,439499
171,541939
172,642779
173,196288
174,298206
175,410225
176,275165
177,324674
178,393503
179,382882
180,254642
181,558844
182,359424
183,433526
184,940588
185,435930
186,442025
187,679812
188,429800
189,639090
190,543391
191,282603
192,761259
193,389922
194,253169
195,340136
196,176137
197,294094
198,1119461
199,210831
200,600001
201,301060
202,433924
203,824520
204,1235261
205,853993
206,197318
207,743293
208,625747
209,221328
210,433993
211,296023
212,598395
213,277063
214,239286
215,707060
216,303143
217,280742
218,731262
219,516394
220,615619
221,453598
222,869223
223,284163
224,247533
225,211600
226,1015335
227,417228
228,320821
229,2113930
230,586170
231,897570
232,438985
233,205106
234,517631
235,513330
236,861624
237,239658
238,481638
239,486788
240,202348
241,376002
242,413514
243,1062349
244,303889
245,1024472
246,198911
247,677432
248,4652175
249,265558
250,232463
251,277767
252,356679
253,312689
254,326427
255,328588
256,335966
257,452495
258,1202646
259,303530
260,292218
261,299292
262,674235
263,714268
264,469545
265,1089884
266,867539
267,339915
268,426003
269,471039
270,548258
271,441987
272,451784
273,509934
274,519453
275,398832
276,479485
277,849860
278,415860
279,200603
280,515672
281,517833
282,362100
283,455748
284,462850
285,1139397
286,748362
287,240627
288,937962
289,388202
290,741041
291,596046
292,252543
293,466835
294,812671
295,226730
296,610537
297,254355
298,491980
299,227785
300,741157
301,2125423
302,298510
303,860554
304,931473
305,427516
306,470291
307,438786
308,651027
309,224857
310,173038
311,689857
312,421202
313,481964
314,576637
315,545956
316,494446
317,650377
318,1449279
319,474754
320,618969
321,564194
322,459573
323,501512
324,486008
325,1053505
326,527793
327,417543
328,684956
329,1148980
330,346707
331,400941
332,785126
333,285390
334,444027
335,305967
336,333770
337,994914
338,894949
339,523518
340,399210
341,232857
342,886459
343,521512
344,341991
345,621989
346,426658
347,328494
348,668125
349,1332675
350,202908
351,190604
352,697100
353,445257
354,541281
355,819817
356,175614
357,259798
358,790356
359,383715
360,587403
361,594515
362,681080
363,610524
364,644072
365,890442
366,297672
367,213510
368,364041
369,539146
370,298925
371,568680
372,207791
373,466848
374,347136
375,197747
376,1041228
377,393969
378,475792
379,515647
380,1156812
381,625816
382,595399
383,240753
384,363431
385,491229
386,301068
387,601392
388,336560
389,283779
390,452203
391,778097
392,335235
393,447780
394,360454
395,390127
396,1594170
397,1514347
398,726499
399,476807
400,710171
401,187711
402,712890
403,505598
404,598264
405,304842
406,489412
407,350323
408,1028520
409,1209551
410,265332
411,374503
412,644489
413,707113
414,1200875
415,471816
416,621989
417,1125821
418,1069616
419,508784
420,517766
421,215640
422,259727
423,483516
424,416150
425,242697
426,395848
427,1509312
428,465640
429,481533
430,411017
431,223104
432,561246
433,711779
434,361912
435,189561
436,271673
437,826500
438,197201
439,821654
440,530926
441,308879
442,509209
443,348628
444,309055
445,1164606
446,389061
447,658992
448,314755
449,499794
450,331397
451,262571
452,285311
453,273579
454,373750
455,1129537
456,522685
457,282872
458,347842
459,515758
460,470688
461,846636
462,359973
463,476868
464,440329
465,447390
466,642769
467,581213
468,477847
469,2286364
470,580856
471,564108
472,432850
473,440422
474,692724
475,347455
476,338052
477,869170
478,974503
479,420849
480,1591428
481,238192
482,564369
483,775100
484,2647466
485,746337
486,337845
487,555101
488,395266
489,961467
490,438101
491,490488
492,886525
493,605307
494,627873
495,745477
496,336594
497,1237715
498,371041
499,239487
500,280011
501,758724
502,424709
503,620474
504,1125970
505,332825
506,507250
507,907607
508,550302
509,1188385
510,223593
511,507966
512,494019
513,229593
514,574270
515,350322
516,1046361
517,688442
518,337814
519,621252
520,407715
521,615364
522,632863
523,229752
524,389721
525,347491
526,648987
527,326774
528,252694
529,457262
530,460884
531,617067
532,593376
533,429472
534,900476
535,206993
536,579159
537,512766
538,436364
539,311214
540,982512
541,443801
542,602963
543,406356
544,245863
545,1045060
546,671477
547,975171
548,225555
549,580893
550,324821
551,1040192
552,933996
553,930899
554,525865
555,420704
556,286802
557,348042
558,1176627
559,218484
560,230930
561,234431
562,346060
563,659294
564,448926
565,276461
566,1103878
567,204697
568,485303
569,187233
570,1097438
571,233688
572,1256069
573,653105
574,756678
575,448175
576,1013696
577,900454
578,268611
579,293748
580,730152
581,300263
582,552800
583,1455567
584,798475
585,937632
586,558493
587,705905
588,408943
589,2087477
590,555277
591,312193
592,916123
593,452495
594,394603
595,422504
596,1332852
597,325965
598,608646
599,287504
600,370056
601,190743
602,228137
603,537216
604,1390621
605,239245
606,654831
607,429830
608,187630
609,571468
610,368748
611,820694
612,691506
613,1270873
614,319455
615,519111
616,337993
617,1415803
618,206409
619,642714
620,495886
621,338721
622,376634
623,428383
624,571408
625,419620
626,251931
627,821531
628,546408
629,576123
630,279897
631,502858
632,488607
633,358407
634,387305
635,1080439
636,565638
637,287250
638,483012
639,529792
640,1324002
641,1232426
642,432847
643,410010
644,1588612
645,506036
646,943470
647,1863092
648,248154
649,301205
650,400374
651,585538
652,190675
653,437225
654,1012671
655,820361
656,257567
657,289108
658,427884
659,376635
660,365242
661,324514
662,261849
663,368915
664,1417599
665,681209
666,458537
667,1583718
668,301290
669,729375
670,313248
671,596728
672,683368
673,177271
674,397565
675,332440
676,711131
677,317147
678,301293
679,277084
680,269522
681,479101
682,470517
683,348569
684,459385
685,291262
686,577236
687,618981
688,1098042
689,409959
690,526069
691,673438
692,734328
693,450208
694,346961
695,291958
696,679778
697,669672
698,253870
699,761880
700,241958
701,528597
702,545966
703,343096
704,475443
705,536624
706,220296
707,261128
708,283523
709,506629
710,507929
711,267639
712,341022
713,660349
714,2166561
715,393731
716,417546
717,525072
718,402729
719,270331
720,227320
721,502758
722,316364
723,724568
724,377059
725,352789
726,882766
727,671110
728,534348
729,442244
730,774454
731,459681
732,330623
733,460965
734,368090
735,297432
736,543139
737,441569
738,370124
739,457121
740,613906
741,602903
742,261009
743,461457
744,200000
745,188443
746,252438
747,419324
748,307283
749,313635
750,485958
751,505927
752,547477
753,649460
754,351810
755,198897
756,187119
757,656058
758,560688
759,507533
760,583069
761,352354
762,425753
763,201385
764,646914
765,662762
766,218944
767,207274
768,1305060
769,796232
770,295293
771,308001
772,506694
773,743749
774,1273516
775,416730
776,761070
777,301746
778,295152
779,649099
780,500815
781,1186447
782,434843
783,354287
784,927399
785,196371
786,485938
787,734899
788,621930
789,265705
790,453259
791,514283
792,386763
793,254067
794,327124
795,512682
796,247009
797,317185
798,608973
799,323474
800,588918
801,536085
802,224229
803,429153
804,447493
805,389816
806,783598
807,254286
808,629818
809,496323
810,799507
811,489045
812,375611
813,450675
814,313218
815,1045623
816,701279
817,295120
818,783820
819,286704
820,532705
821,792862
822,474532
823,328251
824,250153
825,574924
826,494080
827,281415
828,1519163
829,256095
830,600970
831,491590
832,296429
833,590085
834,342163
835,237241
836,1471301
837,607661
838,613059
839,559382
840,391009
841,337352
842,232875
843,736842
844,375949
845,557794
846,1218729
847,418104
848,341159
849,1138208
850,631229
851,1682812
852,703173
853,287750
854,428010
855,443324
856,391449
857,326412
858,303504
859,276464
860,609687
861,703092
862,444653
863,1458039
864,200962
865,1002473
866,333590
867,469803
868,1589110
869,891482
870,615741
871,315763
872,223760
873,228435
874,280662
875,262525
876,393746
877,456998
878,404037
879,242320
880,788134
881,624262
882,402145
883,790801
884,301346
885,827346
886,464645
887,577145
888,438494
889,551420
890,493979
891,216662
892,726759
893,206519
894,371620
895,1833070
896,433095
897,864083
898,884730
899,545547
900,639588
901,1017642
902,460683
903,353823
904,1336538
905,369879
906,281180
907,754950
908,768842
909,703281
910,871798
911,851851
912,418363
913,775163
914,645192
915,307182
916,378822
917,611880
918,479089
919,650545
920,286089
921,417835
922,276169
923,875526
924,387074
925,648052
926,538493
927,640496
928,306227
929,483213
930,469217
931,676958
932,350038
933,232128
934,428156
935,858823
936,593893
937,452460
938,420721
939,335110
940,315251
941,802586
942,305984
943,442517
944,335178
945,614591
946,1017587
947,495881
948,786563
949,238696
950,827434
951,373978
952,419739
953,377959
954,387445
955,432309
956,462585
957,435590
958,1085382
959,615966
960,473347
961,405170
962,328764
963,253007
964,216619
965,533248
966,232236
967,583087
968,519276
969,458233
970,3693567
971,371679
972,369358
973,231141
974,726214
975,384347
976,633354
977,149710
978,311872
979,925301
980,421939
981,418879
982,358556
983,526682
984,423047
985,194537
986,628822
987,469037
988,214800
989,802721
990,3969028
991,979320
992,313232
993,396040
994,381224
995,344626
996,759657
997,303833
998,222698
999,684625
1000,471720
1001,393147
1002,1154588
1003,373711
1004,511417
1005,527654
1006,617539
1007,677698
1008,421891
1009,572778
1010,389373
1011,509568
1012,620780
1013,378722
1014,518552
1015,438571
1016,324624
1017,315695
1018,673483
1019,705822
1020,780784
1021,506444
1022,1202269
1023,693772
1024,1244540
1025,1063949
1026,218275
1027,404816
1028,280221
1029,574707
1030,557792
1031,352002
1032,721126
1033,312832
1034,488438
1035,358968
1036,650044
1037,648892
1038,222321
1039,223253
1040,1293855
1041,601486
1042,333812
1043,1092741
1044,378275
1045,779450
1046,231206
1047,721397
1048,539027
1049,327642
1050,229149
1051,2763970
1052,577399
1053,590543
1054,408367
1055,1688156
1056,531356
1057,528030
1058,282861
1059,552508
1060,851621
1061,408481
1062,397928
1063,275603
1064,276094
1065,511539
1066,618935
1067,517771
1068,505591
1069,329068
1070,296711
1071,296199
1072,305299
1073,717985
1074,761431
1075,487422
1076,414320
1077,679304
1078,582436
1079,446064
1080,422945
1081,1232493
1082,572529
1083,870081
1084,499590
1085,233841
1086,309253
1087,643240
1088,514227
1089,620669
1090,513896
1091,336133
1092,334942
1093,213921
1094,181570
1095,1278056
1096,277845
1097,407446
1098,309165
1099,478808
1100,591255
1101,640513
1102,592163
1103,706889
1104,355043
1105,232385
1106,235936
1107,673999
1108,437917
1109,995292
1110,528363
1111,707697
1112,544197
1113,279830
1114,230568
1115,510007
1116,292979
1117,492395
1118,471824
1119,352220
1120,190558
1121,328554
1122,528687
1123,278083
1124,445315
1125,393376
1126,663156
1127,621758
1128,491535
1129,1220512
1130,303036
1131,382951
1132,723154
1133,393243
1134,374979
1135,497782
1136,444043
1137,311244
1138,417871
1139,501672
1140,668880
1141,673466
1142,1049976
1143,236928
1144,339646
1145,1092192
1146,440854
1147,357467
1148,1306243
1149,364718
1150,728602
1151,627306
1152,406014
1153,347053
1154,627317
1155,1368634
1156,573568
1157,561005
1158,292418
1159,692147
1160,412765
1161,397497
1162,299307
1163,371460
1164,256016
1165,253409
1166,365259
1167,1207327
1168,388588
1169,511978
1170,2854099
1171,579627
1172,1258503
1173,242388
1174,207265
1175,286412
1176,334960
1177,244463
1178,263003
1179,280385
1180,724222
1181,269718
1182,432432
1183,362420
1184,542702
1185,367637
1186,222294
1187,413699
1188,644036
1189,415535
1190,326483
1191,565354
1192,218172
1193,742042
1194,894734
1195,625593
1196,446902
1197,241158
1198,262923
1199,294118
1200,743874
1201,399687
1202,1027763
1203,366524
1204,723286
1205,550461
1206,255477
1207,296484
1208,274304
1209,1535599
1210,724783
1211,586443
1212,484192
1213,205005
1214,293212
1215,860066
1216,735776
1217,953101
1218,540638
1219,518712
1220,514909
1221,484098
1222,257065
1223,600301
1224,229434
1225,372167
1226,1313892
1227,477384
1228,265805
1229,1151311
1230,571271
1231,403031
1232,1058707
1233,503872
1234,455021
1235,403663
1236,299085
1237,346660
1238,556741
1239,553195
1240,508472
1241,332141
1242,582309
1243,295525
1244,243924
1245,307161
1246,885705
1247,782386
1248,253381
1249,254063
1250,1540939
1251,900307
1252,792647
1253,570855
1254,421363
1255,625944
1256,715983
1257,1012560
1258,2108750
1259,523585
1260,345945
1261,362937
1262,1482371
1263,273090
1264,460015
1265,391451
1266,301216
1267,290740
1268,375860
1269,724542
1270,246517
1271,777593
1272,338539
1273,367832
1274,440330
1275,585858
1276,781691
1277,335410
1278,378258
1279,712265
1280,784226
1281,394163
1282,701633
1283,721923
1284,298501
1285,585227
1286,389769
1287,431555
1288,840058
1289,285872
1290,309265
1291,270442
1292,162924
1293,235673
1294,990096
1295,806167
1296,267492
1297,547437
1298,500898
1299,395672
1300,389401
1301,333861
1302,434018
1303,541387
1304,606256
1305,319931
1306,214026
1307,582785
1308,837497
1309,440230
1310,869106
1311,1118515
1312,422963
1313,205731
1314,422830
1315,1388344
1316,497990
1317,451970
1318,592663
1319,292610
1320,848052
1321,418244
1322,424798
1323,271050
1324,477294
1325,432930
1326,872746
1327,412382
1328,632699
1329,832460
1330,1224757
1331,256656
1332,490997
1333,456205
1334,366490
1335,401079
1336,791053
1337,2011568
1338,451432
1339,904126
1340,284260
1341,303455
1342,262472
1343,315704
1344,665291
1345,270975
1346,196892
1347,572456
1348,495446
1349,238588
1350,663679
1351,448532
1352,455436
1353,253876
1354,657769
1355,597021
1356,448685
1357,389277
1358,202726
1359,274648
1360,580654
1361,716532
1362,329304
1363,457427
1364,528880
1365,889332
1366,400936
1367,513352
1368,202223
1369,365670
1370,320144
1371,546783
1372,636654
1373,398963
1374,481683
1375,618712
1376,492270
1377,265335
1378,771577
1379,581445
1380,373942
1381,314332
1382,637317
1383,269497
1384,1621727
1385,454023
1386,354027
1387,511278
1388,406854
1389,583611
1390,296211
1391,446379
1392,516323
1393,421045
1394,339634
1395,401206
1396,248626
1397,280636
1398,716595
1399,177075
1400,450658
1401,473890
1402,259299
1403,551109
1404,419052
1405,303928
1406,370184
1407,874564
1408,246982
1409,384543
1410,1041504
1411,421562
1412,420264
1413,315663
1414,468358
1415,385032
1416,251907
1417,670464
1418,429151
1419,562929
1420,804500
1421,480656
1422,400537
1423,400675
1424,356934
1425,241100
1426,518895
1427,447460
1428,736221
1429,469847
1430,309730
1431,487036
1432,554427
1433,331325
1434,347940
1435,354871
1436,437024
1437,296756
1438,291769
1439,441797
1440,307922
1441,206053
1442,516766
1443,447825
1444,295337
1445,214994
1446,356898
1447,382109
1448,408299
1449,272135
1450,1379287
1451,321948
1452,946953
1453,544529
1454,1441224
1455,289586
1456,304247
1457,1153613
1458,586319
1459,480084
1460,305273
1461,711810
1462,349336
1463,470613
1464,300378
1465,1097596
1466,206361
1467,495722
1468,1525341
1469,406317
1470,191730
1471,663196
1472,190372
1473,325451
1474,647186
1475,507380
1476,608342
1477,1611761
1478,448193
1479,893533
1480,452197
1481,732667
1482,508281
1483,568889
1484,273089
1485,947633
1486,557624
1487,338837
1488,357802
1489,459596
1490,301615
1491,331739
1492,448078
1493,498927
1494,352938
1495,375838
1496,464952
1497,573863
1498,417633
1499,673934
1500,510729
1501,597217
1502,615682
1503,483386
1504,199793
1505,274890
1506,346418
1507,366989
1508,1132420
1509,463464
1510,1016412
1511,432529
1512,470702
1513,2633248
1514,1106453
1515,646993
1516,580886
1517,591670
1518,377048
1519,289650
1520,436668
1521,415227
1522,1826712
1523,610783
1524,278895
1525,250602
1526,388277
1527,421955
1528,311360
1529,1375125
1530,895159
1531,277495
1532,615004
1533,386330
1534,388954
1535,486470
1536,382901
1537,613466
1538,343127
1539,602221
1540,493011
1541,363058
1542,384175
1543,315067
1544,252211
1545,419100
1546,523198
1547,345922
1548,241419
1549,473032
1550,420873
1551,681570
1552,378308
1553,217643
1554,633388
1555,923882
1556,457065
1557,208503
1558,348014
1559,542613
1560,669092
1561,925712
1562,370339
1563,217662
1564,394715
1565,564963
1566,229505
1567,685645
1568,305569
1569,437310
1570,928545
1571,327320
1572,339663
1573,260093
1574,550670
1575,435250
1576,479328
1577,264464
1578,244277
1579,268065
1580,290096
1581,308823
1582,638055
1583,376014
1584,301210
1585,458819
1586,197654
1587,305023
1588,351991
1589,726814
1590,691369
1591,403240
1592,534109
1593,648457
1594,697330
1595,392589
1596,868978
1597,385034
1598,395360
1599,478986
1600,221470
1601,358223
1602,228788
1603,407991
1604,654444
1605,601861
1606,194904
1607,1555628
1608,1246454
1609,256373
1610,1683185
1611,374860
1612,275495
1613,928415
1614,528241
1615,448407
1616,420703
1617,582603
1618,544139
1619,542381
1620,955649
1621,376569
1622,361762
1623,854910
1624,455934
1625,271199
1626,392538
1627,241796
1628,494232
1629,336378
1630,413417
1631,759967
1632,533408
1633,265794
1634,610870
1635,306753
1636,550761
1637,330531
1638,417819
1639,565549
1640,1036469
1641,393858
1642,649038
1643,919437
1644,331375
1645,557297
1646,567297
1647,667544
1648,556846
1649,280306
1650,2063978
1651,804550
1652,248927
1653,962815
1654,535900
1655,881328
1656,527317
1657,779532
1658,513639
1659,340131
1660,355036
1661,843355
1662,334906
1663,620237
1664,315722
1665,316180
1666,474636
1667,213148
1668,762586
1669,440037
1670,555800
1671,1086020
1672,324565
1673,492104
1674,642848
1675,589449
1676,675125
1677,892846
1678,318672
1679,329851
1680,334436
1681,338545
1682,726471
1683,370518
1684,309259
1685,344763
1686,366101
1687,334603
1688,253444
1689,437776
1690,625967
1691,380657
1692,326078
1693,230808
1694,389479
1695,817201
1696,235423
1697,995770
1698,296119
1699,860626
1700,216123
1701,693346
1702,306459
1703,269523
1704,449939
1705,601841
1706,1008339
1707,1026745
1708,377133
1709,262218
1710,518703
1711,302593
1712,320500
1713,418227
1714,407124
1715,364321
1716,764698
1717,268172
1718,521826
1719,242550
1720,514020
1721,629447
1722,1614345
1723,422807
1724,1588352
1725,482866
1726,402652
1727,1027717
1728,734182
1729,421315
1730,278230
1731,299327
1732,464704
1733,267886
1734,679173
1735,414972
1736,205010
1737,496718
1738,708171
1739,190719
1740,331949
1741,1649919
1742,387854
1743,848072
1744,804109
1745,442594
1746,276104
1747,630908
1748,232178
1749,829521
1750,306309
1751,425843
1752,332700
1753,576473
1754,204847
1755,555465
1756,432514
1757,426799
1758,468940
1759,184106
1760,231133
1761,552711
1762,588579
1763,478848
1764,428515
1765,239159
1766,348483
1767,207070
1768,274618
1769,614817
1770,321967
1771,1095773
1772,862866
1773,254236
1774,457537
1775,309071
1776,481902
1777,365569
1778,299119
1779,340984
1780,542999
1781,250041
1782,252164
1783,819084
1784,503471
1785,436146
1786,521300
1787,189925
1788,451704
1789,523922
1790,258003
1791,310605
1792,259966
1793,476108
1794,367871
1795,643529
1796,991192
1797,458269
1798,526054
1799,731828
1800,842244
1801,674936
1802,299452
1803,451905
1804,653813
1805,301269
1806,532275
1807,354630
1808,529304
1809,510325
1810,586441
1811,508964
1812,251451
1813,537368
1814,809138
1815,510889
1816,330176
1817,310977
1818,348681
1819,757450
1820,293685
1821,604675
1822,164109
1823,229323
1824,547454
1825,2223552
1826,172327
1827,346773
1828,399182
1829,546703
1830,312599
1831,220500
1832,547284
1833,1569405
1834,861075
1835,397131
1836,567574
1837,1530306
1838,470284
1839,180254
1840,438169
1841,1246055
1842,327638
1843,665309
1844,539933
1845,450920
1846,866691
1847,995554
1848,606565
1849,458920
1850,269349
1851,432951
1852,475202
1853,697765
1854,282925
1855,265062
1856,290733
1857,358306
1858,569476
1859,196656
1860,287680
1861,1746294
1862,2230287
1863,252656
1864,505347
1865,360658
1866,734046
1867,568742
1868,500803
1869,534729
1870,192064
1871,503769
1872,526295
1873,253792
1874,468733
1875,285660
1876,463413
1877,263298
1878,628697
1879,1046222
1880,915698
1881,378716
1882,463937
1883,733999
1884,295552
1885,503437
1886,314263
1887,491274
1888,393635
1889,488414
1890,634806
1891,227531
1892,1138378
1893,653950
1894,1060741
1895,521895
1896,261756
1897,1223254
1898,339335
1899,330792
1900,337537
1901,254060
1902,349258
1903,432448
1904,948093
1905,412643
1906,535064
1907,522379
1908,480045
1909,825243
1910,333086
1911,318929
1912,585350
1913,414300
1914,1588648
1915,746650
1916,532684
1917,755559
1918,660488
1919,266274
1920,269620
1921,499087
1922,782934
1923,419020
1924,509766
1925,233753
1926,732601
1927,289660
1928,428012
1929,188086
1930,2511600
1931,810033
1932,419230
1933,227633
1934,180865
1935,733305
1936,449333
1937,787246
1938,228143
1939,468639
1940,327585
1941,484835
1942,398529
1943,1246660
1944,320998
1945,874515
1946,1124250
1947,468393
1948,271442
1949,644411
1950,262549
1951,284221
1952,933257
1953,471976
1954,416519
1955,417808
1956,474332
1957,739728
1958,276927
1959,693017
1960,579752
1961,511195
1962,261644
1963,254170
1964,364884
1965,325888
1966,458241
1967,523965
1968,494614
1969,442674
1970,593589
1971,907876
1972,329635
1973,456058
1974,574787
1975,370965
1976,398192
1977,639340
1978,323846
1979,339742
1980,381659
1981,451557
1982,249991
1983,307862
1984,404425
1985,337411
1986,466178
1987,694772
1988,427353
1989,320482
1990,513847
1991,1183836
1992,484056
1993,666344
1994,514683
1995,487151
1996,821969
1997,311281
1998,317934
1999,297650
2000,549409
2001,661996
2002,520060
2003,219773
2004,416868
2005,504260
2006,364593
2007,451724
2008,2050450
2009,600835
2010,624409
2011,288423
2012,387586
2013,288893
2014,674673
2015,761735
2016,1574389
2017,415811
2018,815615
2019,578908
2020,1057619
2021,678349
2022,517893
2023,534240
2024,283306
2025,566676
2026,630465
2027,617652
2028,176225
2029,498676
2030,325322
2031,469607
2032,403412
2033,484798
2034,382063
2035,680513
2036,267968
2037,507648
2038,484751
2039,545692
2040,337213
2041,457758
2042,665681
2043,506816
2044,407673
2045,431108
2046,402952
2047,1000622
2048,503364
2049,363538
2050,2277073
2051,563712
2052,593950
2053,263026
2054,1419339
2055,814131
2056,579335
2057,364262
2058,317119
2059,358281
2060,515998
2061,534733
2062,410001
2063,686776
2064,276946
2065,895451
2066,347409
2067,1021175
2068,342838
2069,714412
2070,372969
2071,426739
2072,2334029
2073,846862
2074,411356
2075,597675
2076,633990
2077,667033
2078,234337
2079,304059
2080,302440
2081,561649
2082,818606
2083,442596
2084,246770
2085,326359
2086,889771
2087,543348
2088,326111
2089,1713731
2090,433488
2091,1458973
2092,1098638
2093,712874
2094,366550
2095,202264
2096,321014
2097,197521
2098,1051320
2099,367323
2100,808885
2101,391079
2102,550522
2103,597984
2104,462404
2105,554818
2106,433424
2107,356592
2108,587273
2109,429416
2110,390632
2111,2111455
2112,322135
2113,745074
2114,244453
2115,260741
2116,474792
2117,1492077
2118,573853
2119,389567
2120,479905
2121,631153
2122,554505
2123,504502
2124,1017624
2125,476918
2126,1161952
2127,450337
2128,346706
2129,733762
2130,573726
2131,623042
2132,391212
2133,519674
2134,751296
2135,519099
2136,476427
2137,574296
2138,554448
2139,1196912
2140,343091
2141,706180
2142,239951
2143,311380
2144,575669
2145,583870
2146,874124
2147,197346
2148,631487
2149,307775
2150,255974
2151,566832
2152,311715
2153,682530
2154,655153
2155,376789
2156,464941
2157,291004
2158,672780
2159,456759
2160,499397
2161,392011
2162,690688
2163,536757
2164,822279
2165,219915
2166,1090765
2167,572073
2168,1813945
2169,386091
2170,706374
2171,319343
2172,521547
2173,880152
2174,437765
2175,285539
2176,245689
2177,273609
2178,492442
2179,355871
2180,260357
2181,466766
2182,711202
2183,380312
2184,530661
2185,383581
2186,176696
2187,2203528
2188,243437
2189,574440
2190,279110
2191,514252
2192,653951
2193,292592
2194,508758
2195,288902
2196,1133098
2197,1387714
2198,300569
2199,542550
2200,745715
2201,1308229
2202,202908
2203,395855
2204,848335
2205,654785
2206,555832
2207,387307
2208,299328
2209,493878
2210,674481
2211,294260
2212,503006
2213,608529
2214,891801
2215,675868
2216,476116
2217,271892
2218,1210904
2219,414287
2220,516993
2221,1126370
2222,618444
2223,499209
2224,1105182
2225,286839
2226,204595
2227,309043
2228,222599
2229,214585
2230,413162
2231,622120
2232,459074
2233,545090
2234,507948
2235,288981
2236,178128
2237,358002
2238,198463
2239,622882
2240,565476
2241,968612
2242,166366
2243,638592
2244,261303
2245,545125
2246,219352
2247,433360
2248,2265163
2249,734632
2250,309423
2251,713785
2252,386868
2253,234968
2254,282769
2255,617771
2256,529051
2257,297232
2258,791204
2259,375472
2260,681823
2261,831289
2262,268714
2263,259020
2264,207026
2265,296250
2266,338677
2267,424656
2268,319314
2269,288443
2270,816402
2271,793790
2272,693968
2273,1052064
2274,504641
2275,761386
2276,420055
2277,722696
2278,656436
2279,366501
2280,666195
2281,463760
2282,424745
2283,360701
2284,410111
2285,322990
2286,412734
2287,656692
2288,200377
2289,314075
2290,1610170
2291,298970
2292,185726
2293,652870
2294,586727
2295,885277
2296,299927
2297,480715
2298,206656
2299,235729
2300,466911
2301,301807
2302,511804
2303,314096
2304,258917
2305,664935
2306,861000
2307,377258
2308,1084260
2309,283487
2310,287418
2311,346394
2312,564265
2313,333525
2314,881102
2315,378531
2316,653629
2317,496660
2318,313761
2319,636851
2320,554005
2321,258375
2322,368277
2323,478301
2324,267519
2325,1030999
2326,1132738
2327,962733
2328,284897
2329,303265
2330,1065609
2331,711569
2332,1112085
2333,230073
2334,382775
2335,330657
2336,428627
2337,266752
2338,374871
2339,230836
2340,1015419
2341,244166
2342,1149400
2343,574171
2344,216246
2345,515086
2346,671507
2347,368939
2348,258209
2349,568230
2350,277704
2351,412056
2352,731942
2353,275067
2354,885620
2355,565456
2356,508415
2357,898356
2358,290510
2359,310684
2360,510387
2361,634504
2362,535116
2363,265296
2364,339272
2365,593211
2366,259970
2367,795136
2368,465948
2369,656123
2370,1167353
2371,450084
2372,328509
2373,355511
2374,269752
2375,775436
2376,813962
2377,255367
2378,734718
2379,427833
2380,487278
2381,623473
2382,334917
2383,761165
2384,1508795
2385,248247
2386,549245
2387,599412
2388,562017
2389,257750
2390,201566
2391,646881
2392,486446
2393,326401
2394,497532
2395,621060
2396,1395557
2397,390604
2398,1068066
2399,338613
2400,534375
2401,316176
2402,427726
2403,240563
2404,612674
2405,364905
2406,765431
2407,810799
2408,488915
2409,870294
2410,2052668
2411,513517
2412,243343
2413,467871
2414,607193
2415,498806
2416,389823
2417,351000
2418,350767
2419,362234
2420,282692
2421,236067
2422,342768
2423,421212
2424,399897
2425,482219
2426,278014
2427,721085
2428,765535
2429,527405
2430,295931
2431,238244
2432,335925
2433,804626
2434,377251
2435,256739
2436,502761
2437,511859
2438,342742
2439,397480
2440,195607
2441,1503479
2442,347173
2443,436759
2444,225854
2445,311452
2446,263395
2447,272971
2448,554170
2449,455193
2450,528007
2451,452280
2452,486041
2453,546959
2454,290384
2455,960482
2456,352445
2457,758206
2458,719910
2459,575776
2460,519716
2461,612187
2462,957280
2463,418053
2464,239392
2465,404315
2466,395857
2467,360840
2468,349396
2469,597483
2470,644767
2471,530042
2472,602113
2473,686390
2474,324429
2475,665906
2476,262405
2477,577919
2478,257545
2479,468168
2480,425364
2481,714245
2482,1075510
2483,692172
2484,490323
2485,405170
2486,357044
2487,365600
2488,243850
2489,1297691
2490,653861
2491,763568
2492,653512
2493,868873
2494,577745
2495,364783
2496,283665
2497,621511
2498,431439
2499,566032
2500,1794751
2501,436970
2502,366121
2503,264739
2504,236884
2505,553000
2506,319162
2507,387100
2508,647550
2509,766212
2510,245935
2511,463330
2512,581819
2513,342848
2514,841868
2515,347562
2516,532443
2517,273437
2518,200175
2519,369717
2520,303971
2521,273382
2522,1940144
2523,451468
2524,284141
2525,787712
2526,494780
2527,343067
2528,465185
2529,1024632
2530,412604
2531,507037
2532,488868
2533,310347
2534,486336
2535,342351
2536,390935
2537,455589
2538,304394
2539,844760
2540,509549
2541,531585
2542,497090
2543,290591
2544,862324
2545,650577
2546,640575
2547,372437
2548,642090
2549,725860
2550,870623
2551,833516
2552,348182
2553,335565
2554,406767
2555,440396
2556,463952
2557,432642
2558,667984
2559,183891
2560,376522
2561,253357
2562,619974
2563,438728
2564,925608
2565,450782
2566,624673
2567,516894
2568,601547
2569,500082
2570,634594
2571,764295
2572,388155
2573,754668
2574,549033
2575,305443
2576,368118
2577,426122
2578,418477
2579,521360
2580,407751
2581,191793
2582,1640205
2583,1335175
2584,342803
2585,327309
2586,419956
2587,245301
2588,888189
2589,449121
2590,450978
2591,532254
2592,384625
2593,921645
2594,1807287
2595,400273
2596,611369
2597,369912
2598,248661
2599,423222
2600,515606
2601,279807
2602,544066
2603,424185
2604,1576823
2605,408283
2606,359042
2607,355947
2608,413481
2609,631128
2610,772868
2611,399505
2612,358204
2613,440732
2614,852943
2615,390371
2616,991119
2617,623635
2618,208467
2619,493314
2620,280576
2621,275959
2622,650084
2623,340399
2624,516390
2625,440621
2626,456211
2627,792978
2628,505758
2629,229314
2630,469938
2631,455973
2632,544594
2633,959407
2634,731844
2635,623929
2636,297153
2637,680238
2638,684540
2639,391211
2640,234968
2641,574150
2642,658109
2643,2032109
2644,398497
2645,789480
2646,641437
2647,271877
2648,463123
2649,435904
2650,556840
2651,332073
2652,188216
2653,389250
2654,481409
2655,606657
2656,500715
2657,412946
2658,504821
2659,437484
2660,222958
2661,316941
2662,578547
2663,443256
2664,732496
2665,275944
2666,205400
2667,530365
2668,294864
2669,951520
2670,791266
2671,2204707
2672,282924
2673,276523
2674,628118
2675,1845885
2676,653212
2677,421900
2678,312119
2679,266646
2680,570314
2681,445185
2682,259546
2683,335175
2684,594492
2685,358037
2686,311867
2687,418573
2688,331253
2689,659258
2690,719521
2691,386519
2692,540030
2693,836795
2694,365804
2695,390247
2696,297253
2697,195518
2698,235735
2699,625435
2700,394730
2701,252726
2702,442319
2703,1990590
2704,351786
2705,575774
2706,470874
2707,658284
2708,555778
2709,520498
2710,239378
2711,368357
2712,404876
2713,324058
2714,512603
2715,263463
2716,954278
2717,387150
2718,2246732
2719,900754
2720,436370
2721,211135
2722,390075
2723,332318
2724,488060
2725,650090
2726,453007
2727,461877
2728,695251
2729,203275
2730,580179
2731,440278
2732,620030
2733,426580
2734,345700
2735,778226
2736,847132
2737,307721
2738,1915327
2739,215355
2740,251226
2741,408249
2742,207281
2743,429171
2744,628753
2745,516546
2746,287590
2747,342299
2748,463887
2749,516352
2750,863350
2751,318650
2752,288340
2753,573912
2754,551842
2755,201874
2756,516682
2757,744895
2758,300394
2759,348132
2760,550419
2761,561538
2762,329250
2763,486982
2764,264748
2765,384473
2766,1086323
2767,402089
2768,401713
2769,640744
2770,388750
2771,230312
2772,547863
2773,565456
2774,592691
2775,590564
2776,404330
2777,965577
2778,775808
2779,1048202
2780,209048
2781,360612
2782,280870
2783,197378
2784,242066
2785,1171081
2786,323316
2787,320574
2788,1514281
2789,276599
2790,1726758
2791,198563
2792,713876
2793,627035
2794,752822
2795,604954
2796,337142
2797,229181
2798,318606
2799,392377
2800,556885
2801,253245
2802,288645
2803,1112645
2804,608201
2805,313127
2806,406049
2807,304424
2808,255438
2809,1228837
2810,1034431
2811,701477
2812,297605
2813,1172379
2814,755067
2815,542534
2816,599300
2817,701136
2818,452281
2819,256740
2820,590447
2821,195226
2822,515745
2823,202665
2824,260253
2825,671761
2826,1756530
2827,496608
2828,380812
2829,854946
2830,490362
2831,673000
2832,575486
2833,813753
2834,423051
2835,316035
2836,293364
2837,749393
2838,442886
2839,1157347
2840,525317
2841,606846
2842,530028
2843,393178
2844,438350
2845,351692
2846,979005
2847,577631
2848,297961
2849,296028
2850,370082
2851,294443
2852,594578
2853,331949
2854,455534
2855,691498
2856,457804
2857,847557
2858,751194
2859,392218
2860,315991
2861,416825
2862,2365161
2863,388859
2864,427681
2865,681804
2866,337246
2867,441241
2868,434493
2869,360733
2870,530731
2871,239249
2872,357045
2873,304508
2874,835792
2875,540167
2876,185866
2877,836421
2878,387438
2879,307937
2880,869030
2881,325518
2882,486219
2883,555779
2884,379840
2885,281397
2886,589235
2887,341230
2888,373212
2889,253736
2890,512074
2891,505713
2892,913771
2893,624804
2894,800338
2895,798338
2896,397819
2897,326898
2898,474783
2899,381615
2900,458209
2901,598177
2902,250649
2903,788650
2904,977026
2905,341191
2906,356701
2907,345820
2908,420147
2909,464487
2910,398794
2911,978529
2912,693852
2913,384335
2914,663020
2915,862649
2916,233534
2917,620133
2918,493287
2919,849571
2920,999661
2921,780447
2922,647435
2923,557289
2924,242171
2925,881248
2926,836408
2927,286964
2928,181240
2929,441915
2930,1006800
2931,400385
2932,229957
2933,343106
2934,596556
2935,1827117
2936,388514
2937,231710
2938,1045658
2939,242758
2940,440155
2941,332270
2942,438715
2943,193669
2944,255799
2945,479044
2946,292991
2947,652484
2948,343408
2949,508843
2950,276075
2951,754587
2952,223307
2953,852088
2954,1023091
2955,1822427
2956,570698
2957,595510
2958,270230
2959,628373
2960,697446
2961,453586
2962,353460
2963,320543
2964,503931
2965,467731
2966,608466
2967,314967
2968,193559
2969,663295
2970,540247
2971,484980
2972,310069
2973,1000869
2974,572953
2975,1064206
2976,184278
2977,2233688
2978,643929
2979,928247
2980,590542
2981,547719
2982,215680
2983,347011
2984,314775
2985,334243
2986,424737
2987,452209
2988,1361757
2989,919798
2990,681634
2991,489043
2992,257850
2993,519879
2994,620966
2995,400938
2996,421981
2997,407335
2998,186875
2999,595346
3000,511454
3001,437408
3002,408171
3003,1230924
3004,703822
3005,233925
3006,646350
3007,586889
3008,653226
3009,716984
3010,344848
3011,499005
3012,507960
3013,266251
3014,291107
3015,667804
3016,253409
3017,285211
3018,780525
3019,296175
3020,488359
3021,527491
3022,448909
3023,409882
3024,499889
3025,681919
3026,309880
3027,838923
3028,469135
3029,1251817
3030,397081
3031,686770
3032,686819
3033,435297
3034,374187
3035,2339645
3036,364186
3037,556859
3038,615238
3039,552946
3040,286254
3041,289216
3042,432415
3043,1050560
3044,687651
3045,854023
3046,1575255
3047,896327
3048,963227
3049,228349
3050,296848
3051,263703
3052,280650
3053,548274
3054,704444
3055,193401
3056,686944
3057,222637
3058,806587
3059,308067
3060,355306
3061,749433
3062,218337
3063,489298
3064,767408
3065,1256494
3066,281680
3067,264510
3068,297990
3069,277615
3070,322075
3071,422276
3072,242720
3073,636333
3074,608349
3075,480876
3076,442437
3077,559867
3078,350148
3079,340294
3080,283365
3081,555605
3082,666434
3083,1122428
3084,458717
3085,1052098
3086,771825
3087,284494
3088,627130
3089,423151
3090,274291
3091,352910
3092,1419401
3093,190303
3094,430434
3095,680347
3096,486798
3097,376609
3098,1150715
3099,834854
3100,693606
3101,434572
3102,779592
3103,533748
3104,417808
3105,484969
3106,559400
3107,179926
3108,440855
3109,800879
3110,264697
3111,335911
3112,1691716
3113,1012113
3114,691475
3115,482735
3116,590228
3117,1103669
3118,618110
3119,268784
3120,713493
3121,289749
3122,1995704
3123,450465
3124,169247
3125,333708
3126,471299
3127,552135
3128,624305
3129,835909
3130,844256
3131,183863
3132,305204
3133,828445
3134,270137
3135,795252
3136,326049
3137,1459765
3138,201878
3139,664189
3140,517866
3141,463101
3142,257826
3143,322312
3144,385661
3145,290248
3146,249407
3147,1585965
3148,746505
3149,621023
3150,501936
3151,572341
3152,250193
3153,519267
3154,547284
3155,741476
3156,529520
3157,1765722
3158,673358
3159,624405
3160,367283
3161,478601
3162,247858
3163,421646
3164,410390
3165,837715
3166,746844
3167,801706
3168,1927930
3169,366753
3170,467978
3171,489310
3172,378402
3173,432040
3174,255309
3175,563267
3176,487301
3177,281124
3178,686608
3179,513795
3180,896620
3181,1219418
3182,765407
3183,5937794
3184,289616
3185,334382
3186,327846
3187,249871
3188,226921
3189,314173
3190,203779
3191,774463
3192,467414
3193,688600
3194,526505
3195,222824
3196,201379
3197,410542
3198,270686
3199,460866
3200,381786
3201,310215
3202,247902
3203,684835
3204,361865
3205,896061
3206,349560
3207,196959
3208,513215
3209,284270
3210,618643
3211,498196
3212,699752
3213,381395
3214,450832
3215,770565
3216,261529
3217,126274
3218,425153
3219,2297533
3220,226641
3221,656455
3222,730211
3223,225542
3224,259725
3225,643356
3226,671954
3227,553240
3228,274700
3229,316221
3230,239802
3231,746194
3232,263138
3233,258717
3234,462028
3235,904787
3236,373391
3237,500432
3238,190914
3239,455700
3240,471950
3241,651615
3242,567644
3243,802750
3244,219280
3245,421170
3246,533251
3247,568033
3248,885167
3249,447905
3250,395392
3251,597560
3252,800239
3253,488890
3254,334504
3255,573684
3256,414580
3257,738410
3258,739759
3259,1517623
3260,801035
3261,665676
3262,433720
3263,718607
3264,370491
3265,251183
3266,253824
3267,614107
3268,360600
3269,343190
3270,235380
3271,172881
3272,591912
3273,461769
3274,376490
3275,473680
3276,603506
3277,449379
3278,352625
3279,685542
3280,561455
3281,579789
3282,559894
3283,640930
3284,297752
3285,535362
3286,724301
3287,257935
3288,232385
3289,416417
3290,379052
3291,390435
3292,356391
3293,353867
3294,359492
3295,383509
3296,587290
3297,274969
3298,219265
3299,542671
3300,299078
3301,627466
3302,359094
3303,381188
3304,471918
3305,323538
3306,669119
3307,380985
3308,251252
3309,285257
3310,272050
3311,177066
3312,254856
3313,680124
3314,541393
3315,448428
3316,496982
3317,554026
3318,930067
3319,731741
3320,479433
3321,247523
3322,407757
3323,460437
3324,339833
3325,309625
3326,301315
3327,905769
3328,645629
3329,939292
3330,248768
3331,501967
3332,327994
3333,273775
3334,576318
3335,475183
3336,460793
3337,985015
3338,919110
3339,479754
3340,357268
3341,387501
3342,327286
3343,1059549
3344,358129
3345,712128
3346,1534875
3347,658163
3348,521993
3349,486736
3350,315828
3351,697194
3352,418611
3353,352764
3354,311489
3355,340644
3356,510810
3357,296837
3358,268032
3359,353631
3360,499666
3361,445700
3362,455849
3363,475468
3364,484764
3365,209002
3366,797504
3367,592373
3368,532702
3369,1202901
3370,669415
3371,268366
3372,199527
3373,306563
3374,169427
3375,560769
3376,457480
3377,415531
3378,248417
3379,212343
3380,349670
3381,180320
3382,688210
3383,232262
3384,864640
3385,1096424
3386,311975
3387,592098
3388,288417
3389,517281
3390,497548
3391,639989
3392,347612
3393,367443
3394,506970
3395,496996
3396,600806
3397,821606
3398,326068
3399,546349
3400,517218
3401,512310
3402,257306
3403,918720
3404,239993
3405,674264
3406,327800
3407,422712
3408,572151
3409,680472
3410,315004
3411,421085
3412,772285
3413,381075
3414,628117
3415,256188
3416,467721
3417,300955
3418,236975
3419,475671
3420,547566
3421,521038
3422,450488
3423,1847274
3424,729153
3425,378251
3426,614942
3427,616412
3428,324727
3429,336894
3430,469466
3431,558108
3432,1784331
3433,412499
3434,702760
3435,230933
3436,461081
3437,475027
3438,387945
3439,596660
3440,365921
3441,746275
3442,671597
3443,291822
3444,329016
3445,521037
3446,620884
3447,249629
3448,882893
3449,241175
3450,280156
3451,344740
3452,409975
3453,494095
3454,361881
3455,542023
3456,254180
3457,504836
3458,560121
3459,397422
3460,955822
3461,339622
3462,604867
3463,539590
3464,762840
3465,365649
3466,739715
3467,714301
3468,270971
3469,407433
3470,577004
3471,1179959
3472,464119
3473,622237
3474,286167
3475,479873
3476,411459
3477,389913
3478,560348
3479,392864
3480,521535
3481,384522
3482,664073
3483,205687
3484,621672
3485,763330
3486,4492631
3487,255904
3488,394339
3489,417736
3490,338371
3491,194396
3492,367745
3493,277441
3494,224552
3495,841728
3496,221475
3497,241505
3498,596656
3499,347397
3500,407602
3501,975268
3502,489442
3503,1105012
3504,293556
3505,399144
3506,715274
3507,726333
3508,240737
3509,832489
3510,405224
3511,482229
3512,289689
3513,585194
3514,555855
3515,300601
3516,554497
3517,499266
3518,540386
3519,452812
3520,360115
3521,386466
3522,349586
3523,165163
3524,1010973
3525,893869
3526,212884
3527,751394
3528,387774
3529,845557
3530,400944
3531,1430330
3532,484817
3533,839958
3534,1147262
3535,267163
3536,180711
3537,205902
3538,417020
3539,254232
3540,245881
3541,470635
3542,479501
3543,319768
3544,289203
3545,441257
3546,834230
3547,487831
3548,461233
3549,207394
3550,751165
3551,839648
3552,603919
3553,580217
3554,345091
3555,230998
3556,596004
3557,900575
3558,946949
3559,1185990
3560,913000
3561,189268
3562,266994
3563,441965
3564,638322
3565,195913
3566,906708
3567,329944
3568,256882
3569,588577
3570,247234
3571,441998
3572,312664
3573,608306
3574,343246
3575,611330
3576,512246
3577,846840
3578,284202
3579,871550
3580,476760
3581,687361
3582,634415
3583,483727
3584,583625
3585,681333
3586,471508
3587,622602
3588,900021
3589,864354
3590,590558
3591,387430
3592,436381
3593,569303
3594,323034
3595,493143
3596,1037833
3597,289586
3598,735044
3599,440502
3600,392197
3601,585595
3602,193669
3603,449158
3604,1049531
3605,623634
3606,288997
3607,549632
3608,1015748
3609,279510
3610,1338535
3611,371986
3612,333129
3613,245161
3614,547561
3615,343806
3616,789368
3617,460469
3618,302614
3619,1954728
3620,871568
3621,390740
3622,536044
3623,552062
3624,1224770
3625,392574
3626,915804
3627,415853
3628,500055
3629,512730
3630,474864
3631,1316442
3632,600711
3633,303035
3634,375947
3635,905566
3636,588345
3637,767923
3638,585315
3639,367420
3640,689797
3641,414117
3642,290725
3643,674940
3644,518453
3645,636742
3646,386638
3647,709849
3648,881259
3649,581127
3650,1063750
3651,1037075
3652,1262076
3653,874898
3654,335507
3655,1511362
3656,440267
3657,301386
3658,414658
3659,217755
3660,406925
3661,539355
3662,656783
3663,428621
3664,905491
3665,2384486
3666,440914
3667,810484
3668,762723
3669,362251
3670,336566
3671,279745
3672,1105181
3673,691890
3674,299539
3675,367596
3676,282342
3677,479224
3678,757557
3679,659910
3680,1423679
3681,536168
3682,267019
3683,652182
3684,845856
3685,263065
3686,461556
3687,330915
3688,290326
3689,502037
3690,572985
3691,249412
3692,1358532
3693,199338
3694,717978
3695,300419
3696,334985
3697,318316
3698,211437
3699,525971
3700,709033
3701,264941
3702,701830
3703,390204
3704,412343
3705,726440
3706,480232
3707,457048
3708,820766
3709,406436
3710,574933
3711,1152531
3712,3616124
3713,362773
3714,418494
3715,518371
3716,442390
3717,1494086
3718,427414
3719,482619
3720,297845
3721,825226
3722,440808
3723,418792
3724,344495
3725,328572
3726,522767
3727,396221
3728,642283
3729,466895
3730,609170
3731,457307
3732,342435
3733,727818
3734,530728
3735,237613
3736,436280
3737,715467
3738,1133387
3739,227030
3740,623555
3741,487517
3742,552087
3743,387490
3744,408722
3745,500079
3746,362467
3747,516660
3748,271623
3749,611654
3750,308016
3751,492915
3752,499351
3753,692341
3754,752853
3755,487162
3756,262073
3757,326518
3758,478526
3759,1028655
3760,995538
3761,550291
3762,263341
3763,380475
3764,556792
3765,918185
3766,561974
3767,311126
3768,564909
3769,1022640
3770,372536
3771,264258
3772,274708
3773,574246
3774,864349
3775,1563748
3776,424347
3777,436357
3778,485582
3779,289205
3780,470626
3781,714238
3782,381608
3783,731371
3784,447467
3785,369122
3786,213599
3787,658313
3788,413301
3789,420764
3790,923503
3791,472747
3792,412867
3793,874989
3794,296436
3795,337327
3796,336565
3797,811172
3798,310689
3799,869696
3800,700515
3801,254015
3802,313009
3803,569780
3804,737988
3805,353919
3806,428668
3807,1247966
3808,263413
3809,450267
3810,524395
3811,302242
3812,317098
3813,625458
3814,511140
3815,286028
3816,237157
3817,844976
3818,943768
3819,508608
3820,597750
3821,267147
3822,512282
3823,523876
3824,349105
3825,726171
3826,501408
3827,673360
3828,481257
3829,219073
3830,732398
3831,369076
3832,373622
3833,447207
3834,336892
3835,672548
3836,1171637
3837,574373
3838,583733
3839,619885
3840,329485
3841,1643579
3842,279106
3843,239257
3844,1277509
3845,703825
3846,269552
3847,550075
3848,719108
3849,230649
3850,605023
3851,313481
3852,547621
3853,384307
3854,959261
3855,386878
3856,499629
3857,684045
3858,455367
3859,363767
3860,169175
3861,329723
3862,240986
3863,308922
3864,238046
3865,234175
3866,279386
3867,297470
3868,436684
3869,1691367
3870,815981
3871,147704
3872,1107393
3873,351060
3874,1899082
3875,1031871
3876,377358
3877,353586
3878,313196
3879,822250
3880,560358
3881,544146
3882,633924
3883,345699
3884,851287
3885,228590
3886,238374
3887,200241
3888,473407
3889,688447
3890,325677
3891,613867
3892,380558
3893,241784
3894,467502
3895,723729
3896,811931
3897,398491
3898,357765
3899,360048
3900,199210
3901,378920
3902,409674
3903,513328
3904,186578
3905,335178
3906,339626
3907,601542
3908,239653
3909,577866
3910,303007
3911,788063
3912,700090
3913,447986
3914,358292
3915,496151
3916,574130
3917,453404
3918,637083
3919,668943
3920,396104
3921,305462
3922,482804
3923,385360
3924,590199
3925,217229
3926,408153
3927,574927
3928,324996
3929,356958
3930,325165
3931,377147
3932,260624
3933,259347
3934,422423
3935,431224
3936,417620
3937,973872
3938,620608
3939,515160
3940,304223
3941,267545
3942,513228
3943,581408
3944,310844
3945,545291
3946,633953
3947,517029
3948,227417
3949,305076
3950,549053
3951,1158687
3952,350842
3953,475587
3954,784801
3955,731854
3956,595350
3957,287215
3958,1855350
3959,391738
3960,603863
3961,364608
3962,184996
3963,430327
3964,615956
3965,348364
3966,409448
3967,555137
3968,1634604
3969,347512
3970,579147
3971,355132
3972,484325
3973,614006
3974,222269
3975,413958
3976,518352
3977,714615
3978,606226
3979,1920386
3980,407254
3981,306116
3982,457960
3983,331389
3984,1152959
3985,657830
3986,666454
3987,399110
3988,424432
3989,1289307
3990,1002393
3991,484151
3992,286045
3993,344955
3994,469884
3995,252199
3996,436423
3997,380358
3998,568390
3999,537637
4000,582155
4001,452214
4002,342371
4003,444089
4004,1093776
4005,222308
4006,531473
4007,491279
4008,636582
4009,310505
4010,481196
4011,366917
4012,662733
4013,407393
4014,1092387
4015,231194
4016,340567
4017,540656
4018,323565
4019,1195643
4020,415557
4021,844324
4022,915146
4023,503186
4024,219065
4025,2257359
4026,575238
4027,595745
4028,421780
4029,1210332
4030,796533
4031,335959
4032,872496
4033,2887740
4034,2637686
4035,472274
4036,432101
4037,291139
4038,651886
4039,691272
4040,209824
4041,450743
4042,295178
4043,239039
4044,374478
4045,689410
4046,362100
4047,610884
4048,455028
4049,611979
4050,509277
4051,385895
4052,989055
4053,386369
4054,492408
4055,319304
4056,333678
4057,348332
4058,297031
4059,251100
4060,481573
4061,327642
4062,464108
4063,586271
4064,1381458
4065,463390
4066,344443
4067,255810
4068,463907
4069,298492
4070,710969
4071,371743
4072,314340
4073,238541
4074,227345
4075,498391
4076,549096
4077,211045
4078,512879
4079,280526
4080,217160
4081,604604
4082,1468842
4083,545584
4084,556969
4085,714002
4086,944778
4087,251116
4088,304249
4089,986095
4090,394326
4091,595505
4092,931857
4093,348225
4094,620310
4095,609489
4096,303465
4097,655008
4098,310197
4099,702315
4100,203374
4101,786744
4102,246827
4103,474675
4104,605463
4105,1487419
4106,2701339
4107,456831
4108,1074986
4109,333572
4110,277736
4111,989643
4112,350596
4113,741115
4114,335113
4115,188618
4116,185334
4117,825511
4118,267223
4119,375833
4120,659533
4121,372730
4122,337794
4123,295714
4124,261653
4125,531487
4126,501087
4127,569285
4128,491710
4129,349726
4130,375885
4131,496442
4132,873641
4133,425365
4134,548727
4135,387387
4136,852338
4137,209370
4138,467707
4139,183909
4140,1691490
4141,807553
4142,307097
4143,217756
4144,221290
4145,293900
4146,1160245
4147,664092
4148,723504
4149,261481
4150,431451
4151,844186
4152,1110115
4153,1182391
4154,427495
4155,3129871
4156,296743
4157,360615
4158,191771
4159,414215
4160,640496
4161,1015621
4162,402561
4163,343297
4164,393550
4165,242947
4166,1401431
4167,467097
4168,556906
4169,715382
4170,406132
4171,214810
4172,724286
4173,791964
4174,908417
4175,478901
4176,392176
4177,252626
4178,695393
4179,410250
4180,449488
4181,628506
4182,608514
4183,236912
4184,360866
4185,983916
4186,232955
4187,700397
4188,834417
4189,392617
4190,285391
4191,573729
4192,297450
4193,345396
4194,317535
4195,620949
4196,567201
4197,482076
4198,280812
4199,235535
4200,185318
4201,859403
4202,494436
4203,272066
4204,241583
4205,330852
4206,637195
4207,262468
4208,197378
4209,430871
4210,717312
4211,530994
4212,637032
4213,365321
4214,1135887
4215,533607
4216,474624
4217,725619
4218,1741365
4219,344347
4220,882874
4221,1707132
4222,233048
4223,325100
4224,305869
4225,573543
4226,768482
4227,325926
4228,383764
4229,1550181
4230,250833
4231,1438600
4232,815926
4233,449482
4234,464150
4235,750775
4236,833791
4237,1089702
4238,456705
4239,470213
4240,302230
4241,237181
4242,284068
4243,351011
4244,656842
4245,254452
4246,719208
4247,286319
4248,646603
4249,616849
4250,205770
4251,262616
4252,780807
4253,287490
4254,700999
4255,519732
4256,683209
4257,211800
4258,707481
4259,246917
4260,878175
4261,460531
4262,259758
4263,573531
4264,230940
4265,213485
4266,651459
4267,456390
4268,311357
4269,860135
4270,463056
4271,723747
4272,283191
4273,297843
4274,509074
4275,430238
4276,1009599
4277,380684
4278,420013
4279,319509
4280,320398
4281,535107
4282,701887
4283,566574
4284,1802192
4285,195997
4286,482304
4287,187003
4288,215642
4289,810569
4290,499949
4291,417192
4292,352724
4293,1017360
4294,427864
4295,447661
4296,379409
4297,687584
4298,317896
4299,1030631
4300,262577
4301,284300
4302,425165
4303,353529
4304,368521
4305,525017
4306,598222
4307,261708
4308,343119
4309,602850
4310,486405
4311,498234
4312,416013
4313,392330
4314,465777
4315,348156
4316,457862
4317,378152
4318,1816055
4319,302355
4320,593171
4321,238015
4322,527793
4323,571902
4324,541660
4325,434049
4326,368018
4327,970247
4328,366963
4329,459292
4330,439442
4331,1124763
4332,372944
4333,549544
4334,256387
4335,1014415
4336,624496
4337,793680
4338,218336
4339,213712
4340,378850
4341,900984
4342,209549
4343,845182
4344,481811
4345,780779
4346,228285
4347,836026
4348,887513
4349,407454
4350,367283
4351,418766
4352,375296
4353,507718
4354,609503
4355,341281
4356,295469
4357,657112
4358,293578
4359,332862
4360,331940
4361,760386
4362,274467
4363,300945
4364,313463
4365,461536
4366,531440
4367,233940
4368,593952
4369,309756
4370,384765
4371,490937
4372,1040454
4373,486740
4374,319110
4375,263573
4376,355859
4377,333845
4378,567386
4379,540570
4380,330797
4381,524727
4382,1474807
4383,307425
4384,295037
4385,212598
4386,320408
4387,1785608
4388,796085
4389,204705
4390,685366
4391,294666
4392,518322
4393,724438
4394,441112
4395,587741
4396,525555
4397,481933
4398,523314
4399,479469
4400,365800
4401,567336
4402,454488
4403,324097
4404,996974
4405,453905
4406,673561
4407,724743
4408,193475
4409,646816
4410,204451
4411,1114489
4412,585425
4413,1100496
4414,718686
4415,814157
4416,434003
4417,595467
4418,1101972
4419,417833
4420,268553
4421,563726
4422,597319
4423,271063
4424,567281
4425,685640
4426,549298
4427,505670
4428,297220
4429,523187
4430,416913
4431,301445
4432,850270
4433,380833
4434,546673
4435,532260
4436,574440
4437,526136
4438,2098474
4439,273483
4440,456668
4441,247975
4442,516664
4443,826557
4444,185383
4445,314586
4446,560163
4447,307685
4448,534733
4449,533339
4450,422996
4451,250624
4452,883215
4453,314519
4454,479722
4455,454837
4456,739868
4457,568886
4458,547261
4459,841463
4460,291139
4461,380028
4462,334388
4463,895579
4464,695361
4465,220340
4466,221691
4467,336066
4468,208217
4469,266850
4470,716452
4471,381373
4472,332691
4473,285246
4474,358031
4475,154780
4476,621870
4477,505806
4478,291444
4479,304563
4480,313878
4481,1242909
4482,242623
4483,452234
4484,342593
4485,707808
4486,529044
4487,261824
4488,685407
4489,745973
4490,636172
4491,403619
4492,427758
4493,286580
4494,586930
4495,596918
4496,201201
4497,2800082
4498,326352
4499,445479
4500,504729
4501,342598
4502,1126377
4503,452952
4504,221495
4505,304382
4506,744595
4507,242720
4508,532468
4509,836397
4510,647539
4511,725879
4512,704787
4513,857703
4514,361849
4515,523207
4516,672377
4517,863847
4518,196148
4519,316251
4520,294649
4521,623495
4522,570195
4523,478860
4524,465469
4525,218787
4526,654324
4527,580534
4528,251491
4529,386885
4530,280290
4531,271030
4532,391706
4533,821595
4534,678962
4535,385985
4536,297990
4537,289785
4538,631996
4539,476569
4540,249761
4541,426194
4542,236444
4543,239201
4544,347320
4545,199797
4546,1201414
4547,451988
4548,285301
4549,318000
4550,699413
4551,365995
4552,988942
4553,505431
4554,275707
4555,283520
4556,462615
4557,567542
4558,606914
4559,585971
4560,693084
4561,712168
4562,1043857
4563,338855
4564,256061
4565,527825
4566,681533
4567,323232
4568,562203
4569,724437
4570,514575
4571,201146
4572,510011
4573,448315
4574,465838
4575,552783
4576,285013
4577,417614
4578,438386
4579,412356
4580,769536
4581,778290
4582,555223
4583,921855
4584,272364
4585,386921
4586,736769
4587,546703
4588,260591
4589,282541
4590,2080600
4591,348367
4592,218468
4593,387324
4594,588929
4595,414984
4596,362531
4597,416208
4598,535596
4599,575722
4600,381723
4601,646241
4602,649512
4603,302082
4604,341384
4605,330311
4606,660708
4607,393820
4608,285573
4609,613226
4610,553248
4611,204056
4612,770469
4613,334229
4614,215360
4615,347612
4616,537046
4617,399976
4618,233546
4619,351736
4620,216170
4621,516291
4622,491991
4623,485481
4624,597453
4625,544983
4626,349207
4627,439600
4628,222840
4629,303905
4630,295411
4631,928400
4632,1372794
4633,433591
4634,721810
4635,678869
4636,482160
4637,553424
4638,707746
4639,291087
4640,226502
4641,222665
4642,266451
4643,527880
4644,202981
4645,1503139
4646,414351
4647,301186
4648,354513
4649,503063
4650,424691
4651,308449
4652,834953
4653,351071
4654,487844
4655,250192
4656,215398
4657,679512
4658,473312
4659,486597
4660,1027589
4661,331963
4662,1065087
4663,1133205
4664,526367
4665,411222
4666,354796
4667,246207
4668,636378
4669,262034
4670,722690
4671,646770
4672,409445
4673,2415203
4674,528100
4675,733317
4676,369195
4677,1112362
4678,669985
4679,300652
4680,351848
4681,511624
4682,234267
4683,713319
4684,388927
4685,242583
4686,470593
4687,823788
4688,495974
4689,455695
4690,706256
4691,202302
4692,268583
4693,311746
4694,490158
4695,217603
4696,864491
4697,1525886
4698,226405
4699,622488
4700,308884
4701,468252
4702,520888
4703,750586
4704,293164
4705,949810
4706,336702
4707,715494
4708,559382
4709,393113
4710,371400
4711,306595
4712,416528
4713,754596
4714,635086
4715,873800
4716,297116
4717,244530
4718,261604
4719,256657
4720,525309
4721,453282
4722,359760
4723,291279
4724,345193
4725,428048
4726,185194
4727,621802
4728,198937
4729,594485
4730,301522
4731,653463
4732,872679
4733,281454
4734,776647
4735,748190
4736,1012084
4737,415633
4738,572987
4739,352924
4740,184637
4741,536049
4742,833792
4743,1046557
4744,338316
4745,1063267
4746,1035865
4747,419555
4748,1259608
4749,462548
4750,729795
4751,337513
4752,235153
4753,285870
4754,1317824
4755,924051
4756,536083
4757,553890
4758,331569
4759,365765
4760,499833
4761,783512
4762,1252213
4763,377330
4764,417312
4765,828166
4766,1017455
4767,331332
4768,588917
4769,604969
4770,513279
4771,478341
4772,442213
4773,550578
4774,389384
4775,396579
4776,588072
4777,437323
4778,472685
4779,439859
4780,239672
4781,319449
4782,211309
4783,246355
4784,840575
4785,439057
4786,515573
4787,472630
4788,685718
4789,240321
4790,268912
4791,650994
4792,563272
4793,376610
4794,857062
4795,649751
4796,888290
4797,233199
4798,308449
4799,469314
4800,459914
4801,1234292
4802,324361
4803,354285
4804,401597
4805,960488
4806,279603
4807,663819
4808,819289
4809,239449
4810,430084
4811,343479
4812,665703
4813,955378
4814,627686
4815,411476
4816,308067
4817,431546
4818,726655
4819,475272
4820,911509
4821,249817
4822,166394
4823,368349
4824,1141692
4825,776206
4826,334780
4827,607372
4828,637132
4829,302668
4830,242426
4831,1388282
4832,722276
4833,398830
4834,1249336
4835,243235
4836,672796
4837,507578
4838,1493233
4839,274706
4840,237249
4841,217981
4842,171493
4843,278382
4844,561932
4845,388217
4846,645838
4847,1287443
4848,855202
4849,237544
4850,186431
4851,1437623
4852,300731
4853,547029
4854,551643
4855,344563
4856,515535
4857,410816
4858,294323
4859,224164
4860,360895
4861,567369
4862,623512
4863,369773
4864,570244
4865,439723
4866,247168
4867,179826
4868,783525
4869,1062497
4870,415771
4871,406765
4872,536146
4873,209796
4874,710508
4875,2791311
4876,342424
4877,388597
4878,1227034
4879,381635
4880,987674
4881,681936
4882,270835
4883,417438
4884,519789
4885,513145
4886,324090
4887,231583
4888,296194
4889,855884
4890,468790
4891,329886
4892,768056
4893,1058745
4894,332661
4895,305328
4896,307152
4897,322884
4898,184084
4899,339572
4900,433367
4901,526628
4902,359661
4903,286501
4904,696320
4905,165270
4906,339076
4907,683416
4908,636729
4909,465723
4910,471431
4911,269028
4912,425188
4913,956209
4914,530071
4915,293138
4916,210521
4917,183758
4918,451994
4919,668736
4920,293728
4921,841034
4922,326748
4923,569929
4924,560580
4925,422911
4926,432948
4927,348918
4928,693474
4929,912293
4930,543922
4931,601243
4932,298950
4933,1201951
4934,1375672
4935,241520
4936,279892
4937,980287
4938,702885
4939,380807
4940,366900
4941,787690
4942,369935
4943,750181
4944,278220
4945,433309
4946,500438
4947,656979
4948,325548
4949,257714
4950,586047
4951,221705
4952,410395
4953,374022
4954,550165
4955,333534
4956,446191
4957,450742
4958,462649
4959,755438
4960,619244
4961,839801
4962,589406
4963,652057
4964,421208
4965,642105
4966,391039
4967,514296
4968,390740
4969,496202
4970,628678
4971,1105672
4972,2290508
4973,774494
4974,280921
4975,318739
4976,302141
4977,291980
4978,245165
4979,471679
4980,354510
4981,459196
4982,364717
4983,627160
4984,236307
4985,580182
4986,768879
4987,2031213
4988,277732
4989,458334
4990,392938
4991,221475
4992,327026
4993,215323
4994,954082
4995,1223139
4996,620250
4997,687712
4998,297576
4999,244602
5000,413407
5001,751644
5002,341001
5003,424166
5004,636077
5005,662132
5006,229953
5007,615011
5008,448967
5009,339750
5010,326253
5011,299050
5012,616091
5013,352637
5014,519786
5015,375504
5016,1153431
5017,358185
5018,224867
5019,267924
5020,1147057
5021,239570
5022,402012
5023,535228
5024,500631
5025,576966
5026,771359
5027,1877093
5028,586421
5029,359752
5030,243132
5031,780645
5032,244736
5033,505046
5034,446094
5035,246427
5036,417963
5037,508529
5038,283186
5039,664513
5040,1106021
5041,284137
5042,186640
5043,427764
5044,222668
5045,749359
5046,264751
5047,1165560
5048,618847
5049,224444
5050,567504
5051,1479250
5052,482506
5053,905635
5054,302866
5055,200346
5056,192282
5057,630785
5058,347542
5059,309552
5060,226866
5061,511338
5062,407059
5063,613478
5064,429542
5065,514169
5066,570654
5067,414667
5068,493708
5069,783416
5070,385508
5071,752399
5072,988261
5073,382976
5074,493410
5075,286985
5076,598865
5077,772468
5078,335269
5079,516701
5080,674486
5081,435118
5082,435077
5083,274647
5084,850832
5085,206100
5086,358996
5087,555714
5088,376730
5089,522773
5090,416479
5091,336109
5092,373540
5093,551648
5094,229881
5095,395057
5096,398354
5097,840406
5098,317325
5099,459091
5100,473149
5101,518466
5102,1717355
5103,429605
5104,972250
5105,546372
5106,372921
5107,368170
5108,378688
5109,595083
5110,295631
5111,378359
5112,376955
5113,401234
5114,873269
5115,330051
5116,1323745
5117,625246
5118,619900
5119,331199
5120,1436045
5121,772166
5122,630938
5123,840883
5124,254346
5125,238339
5126,581497
5127,402078
5128,1000749
5129,761872
5130,1590907
5131,982469
5132,887737
5133,746738
5134,647546
5135,293232
5136,645608
5137,359047
5138,347970
5139,540972
5140,1002420
5141,665419
5142,532551
5143,323149
5144,573906
5145,172226
5146,417406
5147,405338
5148,287128
5149,315133
5150,909790
5151,956568
5152,786075
5153,427124
5154,949359
5155,381504
5156,445309
5157,404526
5158,252798
5159,353770
5160,255410
5161,673435
5162,581904
5163,381569
5164,240228
5165,1004215
5166,286342
5167,373754
5168,341808
5169,429408
5170,294859
5171,656199
5172,408189
5173,323096
5174,272574
5175,383309
5176,624451
5177,348642
5178,481837
5179,200376
5180,2017774
5181,582684
5182,519450
5183,297486
5184,218135
5185,170299
5186,408165
5187,211053
5188,254098
5189,658009
5190,286226
5191,1620717
5192,193415
5193,369360
5194,536091
5195,399358
5196,647749
5197,828116
5198,192115
5199,543147
5200,770575
5201,1104256
5202,424310
5203,754319
5204,1501444
5205,369655
5206,333132
5207,975804
5208,1006873
5209,365081
5210,401237
5211,298397
5212,839866
5213,647240
5214,342517
5215,494165
5216,262493
5217,655557
5218,333094
5219,380866
5220,371113
5221,611610
5222,269736
5223,890263
5224,338803
5225,864600
5226,458458
5227,707173
5228,273767
5229,492953
5230,393834
5231,585916
5232,238208
5233,421423
5234,489505
5235,685918
5236,492859
5237,444133
5238,784375
5239,781648
5240,584800
5241,446143
5242,200862
5243,832361
5244,290159
5245,526239
5246,589822
5247,265798
5248,586129
5249,702242
5250,780961
5251,203179
5252,374561
5253,924767
5254,398990
5255,335878
5256,262197
5257,545527
5258,449602
5259,876493
5260,604851
5261,640887
5262,483580
5263,1217315
5264,363723
5265,882129
5266,654800
5267,486212
5268,187954
5269,339294
5270,442151
5271,638167
5272,280969
5273,500476
5274,144474
5275,251652
5276,840811
5277,485279
5278,351573
5279,610630
5280,186647
5281,336470
5282,250476
5283,667241
5284,356731
5285,356323
5286,511163
5287,425691
5288,797050
5289,457597
5290,768861
5291,848327
5292,338971
5293,1498371
5294,330977
5295,719010
5296,852157
5297,800018
5298,439756
5299,643555
5300,590670
5301,535781
5302,716744
5303,302451
5304,300002
5305,637995
5306,1167565
5307,546389
5308,807396
5309,1276336
5310,796733
5311,657168
5312,630013
5313,768878
5314,392730
5315,213887
5316,434374
5317,281232
5318,394747
5319,624130
5320,569623
5321,412381
5322,247551
5323,1047933
5324,246102
5325,560122
5326,866969
5327,426599
5328,530428
5329,231760
5330,811968
5331,1263341
5332,377017
5333,949298
5334,222054
5335,594862
5336,757615
5337,1347160
5338,315226
5339,224347
5340,418519
5341,520288
5342,608063
5343,734337
5344,620196
5345,453605
5346,260400
5347,466165
5348,750358
5349,540403
5350,384108
5351,372910
5352,1666281
5353,279551
5354,441235
5355,514511
5356,704239
5357,522902
5358,1625932
5359,968991
5360,453364
5361,598450
5362,742759
5363,332235
5364,673137
5365,448316
5366,357366
5367,411248
5368,775632
5369,336723
5370,534094
5371,314158
5372,562565
5373,511791
5374,314065
5375,853694
5376,1179776
5377,442372
5378,266910
5379,744385
5380,218712
5381,462676
5382,571739
5383,365415
5384,862152
5385,772083
5386,1099130
5387,369206
5388,242166
5389,1164810
5390,347935
5391,354721
5392,430663
5393,1329793
5394,523609
5395,600031
5396,466290
5397,323645
5398,633286
5399,272186
5400,353816
5401,481284
5402,303468
5403,497552
5404,382079
5405,334362
5406,1016986
5407,238275
5408,836279
5409,916440
5410,473331
5411,367842
5412,338873
5413,918116
5414,499366
5415,766572
5416,238368
5417,541404
5418,364584
5419,376361
5420,1222770
5421,262491
5422,983615
5423,431298
5424,606661
5425,391827
5426,192455
5427,323595
5428,704526
5429,433468
5430,449919
5431,349791
5432,222179
5433,936762
5434,215055
5435,386277
5436,564671
5437,461644
5438,1079180
5439,625184
5440,954796
5441,311070
5442,374402
5443,807299
5444,981242
5445,527767
5446,1463610
5447,745370
5448,1081920
5449,606419
5450,355907
5451,897600
5452,1011355
5453,467356
5454,775203
5455,731916
5456,552353
5457,411892
5458,508046
5459,991257
5460,374312
5461,702003
5462,543550
5463,484495
5464,344817
5465,337904
5466,281585
5467,1050132
5468,396524
5469,303908
5470,280087
5471,566673
5472,258598
5473,864469
5474,575161
5475,528525
5476,396579
5477,828170
5478,247965
5479,425688
5480,427426
5481,1125041
5482,228131
5483,440508
5484,240149
5485,293048
5486,263614
5487,503149
5488,390606
5489,628113
5490,442301
5491,2201902
5492,467964
5493,367362
5494,567426
5495,290633
5496,799533
5497,1033818
5498,796823
5499,1441207
5500,1106488
5501,386486
5502,348155
5503,452854
5504,504197
5505,525398
5506,525372
5507,318833
5508,478796
5509,307190
5510,1085932
5511,433024
5512,492030
5513,1321842
5514,367011
5515,476879
5516,1187024
5517,451807
5518,527066
5519,383481
5520,459407
5521,380188
5522,481501
5523,282452
5524,313242
5525,326408
5526,207634
5527,209014
5528,187519
5529,1203244
5530,528844
5531,223784
5532,408982
5533,260395
5534,468485
5535,904601
5536,392676
5537,1144157
5538,174882
5539,702803
5540,287693
5541,621305
5542,326929
5543,337547
5544,329613
5545,259535
5546,263814
5547,215290
5548,357740
5549,409358
5550,414108
5551,270146
5552,481426
5553,1526347
5554,457507
5555,634527
5556,330901
5557,402247
5558,624070
5559,537831
5560,426181
5561,1261396
5562,583195
5563,266910
5564,237686
5565,1096530
5566,386080
5567,337646
5568,430641
5569,371623
5570,309008
5571,453713
5572,209414
5573,444806
5574,625372
5575,618490
5576,473385
5577,2865314
5578,329601
5579,710875
5580,269885
5581,713979
5582,447307
5583,315677
5584,203090
5585,244205
5586,331570
5587,1160449
5588,329230
5589,468353
5590,608781
5591,925052
5592,248024
5593,241454
5594,534698
5595,705011
5596,294292
5597,238910
5598,420614
5599,1172006
5600,277704
5601,733349
5602,499628
5603,405507
5604,275999
5605,605719
5606,392290
5607,690524
5608,402050
5609,330070
5610,206565
5611,480962
5612,298823
5613,486353
5614,940251
5615,512856
5616,1262570
5617,653316
5618,381007
5619,652679
5620,411291
5621,480686
5622,2379154
5623,483503
5624,1744871
5625,247684
5626,1782470
5627,314862
5628,488574
5629,350847
5630,522207
5631,350603
5632,807871
5633,567926
5634,592138
5635,682192
5636,461126
5637,454778
5638,721943
5639,682223
5640,576382
5641,812229
5642,640601
5643,278371
5644,524940
5645,266272
5646,708015
5647,543190
5648,401347
5649,704984
5650,397147
5651,303534
5652,258389
5653,580210
5654,569879
5655,388020
5656,821219
5657,403844
5658,773328
5659,477328
5660,663834
5661,405367
5662,420615
5663,306136
5664,737134
5665,240962
5666,499349
5667,261770
5668,269603
5669,903786
5670,482870
5671,416183
5672,683358
5673,197558
5674,494826
5675,268640
5676,426563
5677,590958
5678,386720
5679,252659
5680,561333
5681,686722
5682,444891
5683,638705
5684,397777
5685,350002
5686,1675712
5687,912074
5688,784361
5689,733689
5690,236768
5691,446557
5692,936845
5693,745135
5694,685944
5695,541746
5696,298111
5697,199887
5698,674633
5699,425055
5700,265354
5701,199789
5702,686901
5703,271170
5704,231706
5705,742248
5706,626171
5707,305915
5708,307098
5709,591388
5710,465266
5711,641516
5712,504366
5713,422723
5714,211452
5715,406792
5716,950553
5717,824853
5718,840018
5719,1258094
5720,196390
5721,739970
5722,481746
5723,420997
5724,574573
5725,413452
5726,826694
5727,695968
5728,783955
5729,268105
5730,409500
5731,295275
5732,658456
5733,315726
5734,880197
5735,1027314
5736,927803
5737,387027
5738,318153
5739,209153
5740,1335336
5741,483999
5742,643361
5743,882400
5744,946496
5745,598493
5746,297508
5747,289247
5748,333614
5749,387926
5750,846824
5751,620881
5752,516900
5753,186123
5754,498276
5755,531686
5756,508051
5757,551715
5758,483588
5759,306997
5760,338471
5761,694663
5762,321741
5763,272172
5764,322857
5765,250265
5766,434412
5767,690695
5768,753724
5769,530817
5770,387332
5771,843798
5772,661557
5773,197768
5774,458687
5775,495001
5776,379698
5777,699295
5778,240006
5779,226728
5780,829401
5781,366855
5782,874567
5783,268978
5784,2962202
5785,278349
5786,592172
5787,606903
5788,186903
5789,468852
5790,1023434
5791,337851
5792,563754
5793,402486
5794,718640
5795,3260492
5796,1186740
5797,338634
5798,574903
5799,699767
5800,2036747
5801,427606
5802,858817
5803,577296
5804,410368
5805,258967
5806,232197
5807,335364
5808,730464
5809,459783
5810,521285
5811,272040
5812,385314
5813,391726
5814,589642
5815,243545
5816,567488
5817,384621
5818,353533
5819,363032
5820,730636
5821,396451
5822,258120
5823,495988
5824,707717
5825,692414
5826,342482
5827,303630
5828,482460
5829,829842
5830,301449
5831,498788
5832,441675
5833,374477
5834,566846
5835,600733
5836,221256
5837,439177
5838,465995
5839,541411
5840,369926
5841,502470
5842,493621
5843,1588697
5844,315805
5845,445362
5846,733496
5847,215601
5848,833540
5849,580982
5850,356975
5851,324365
5852,540234
5853,321351
5854,211775
5855,273665
5856,955712
5857,516285
5858,533568
5859,248141
5860,1443944
5861,255137
5862,315453
5863,395527
5864,532892
5865,691060
5866,390224
5867,735860
5868,521594
5869,441449
5870,424628
5871,635010
5872,441902
5873,624969
5874,617450
5875,278770
5876,1074537
5877,1052295
5878,339136
5879,635172
5880,281567
5881,957236
5882,367862
5883,317157
5884,361587
5885,378823
5886,4888623
5887,326206
5888,715854
5889,474308
5890,488220
5891,471386
5892,846805
5893,343871
5894,907594
5895,612452
5896,596732
5897,253738
5898,1107956
5899,378985
5900,965722
5901,278302
5902,278187
5903,1614779
5904,285223
5905,1386143
5906,245296
5907,626196
5908,436740
5909,1159838
5910,555642
5911,575113
5912,200411
5913,283499
5914,800882
5915,409999
5916,477588
5917,225986
5918,448616
5919,651827
5920,415473
5921,370872
5922,453700
5923,451480
5924,558278
5925,582527
5926,413641
5927,570442
5928,219715
5929,423733
5930,536329
5931,257362
5932,172458
5933,516947
5934,1502537
5935,555077
5936,962466
5937,206212
5938,308420
5939,381496
5940,272111
5941,364653
5942,500726
5943,823765
5944,333701
5945,278862
5946,264112
5947,567745
5948,328059
5949,615616
5950,461023
5951,458545
5952,404342
5953,368456
5954,758077
5955,340056
5956,356496
5957,542972
5958,388079
5959,853495
5960,366449
5961,507627
5962,553431
5963,516349
5964,243756
5965,424039
5966,527257
5967,557349
5968,835168
5969,1431430
5970,382103
5971,397149
5972,590310
5973,916057
5974,396485
5975,309030
5976,458374
5977,433019
5978,404280
5979,328710
5980,557771
5981,252744
5982,243438
5983,372464
5984,422805
5985,764721
5986,819756
5987,308284
5988,432954
5989,637936
5990,438513
5991,299910
5992,567215
5993,565019
5994,756538
5995,544208
5996,1078029
5997,227210
5998,697104
5999,314722
6000,321258
6001,204654
6002,1986513
6003,325358
6004,386361
6005,189400
6006,265206
6007,526979
6008,528363
6009,324205
6010,892420
6011,348125
6012,499998
6013,348711
6014,1312502
6015,601854
6016,324491
6017,298663
6018,615482
6019,450891
6020,765414
6021,1230398
6022,201137
6023,747807
6024,750948
6025,220407
6026,818545
6027,355570
6028,666953
6029,414243
6030,219019
6031,575842
6032,329637
6033,241808
6034,738521
6035,470461
6036,713582
6037,466983
6038,538802
6039,543252
6040,787978
6041,454062
6042,528265
6043,358411
6044,415358
6045,468211
6046,363635
6047,490518
6048,641180
6049,488499
6050,216014
6051,387634
6052,384915
6053,295641
6054,479694
6055,859476
6056,356386
6057,412957
6058,549841
6059,224667
6060,475819
6061,501884
6062,638350
6063,221391
6064,683344
6065,657299
6066,226189
6067,980354
6068,188519
6069,674624
6070,346612
6071,490054
6072,330803
6073,364810
6074,635352
6075,1052118
6076,286334
6077,468208
6078,279884
6079,356888
6080,1541707
6081,1137198
6082,498585
6083,859552
6084,771983
6085,362669
6086,1270172
6087,490762
6088,266505
6089,204697
6090,377313
6091,451013
6092,239194
6093,916142
6094,397065
6095,323389
6096,208524
6097,567149
6098,757705
6099,884396
6100,583136
6101,460578
6102,317556
6103,352908
6104,941441
6105,240234
6106,218801
6107,507414
6108,426404
6109,415284
6110,532839
6111,353915
6112,275573
6113,382288
6114,491135
6115,355474
6116,867554
6117,311733
6118,444990
6119,391492
6120,589788
6121,591148
6122,930633
6123,377480
6124,410275
6125,433458
6126,420327
6127,828165
6128,238985
6129,488876
6130,519352
6131,437850
6132,336507
6133,344923
6134,334418
6135,269447
6136,615616
6137,786216
6138,326502
6139,170459
6140,428538
6141,436875
6142,455107
6143,384968
6144,970260
6145,255351
6146,475371
6147,384140
6148,748867
6149,297289
6150,246122
6151,448520
6152,616841
6153,263643
6154,453742
6155,988303
6156,311333
6157,537977
6158,525164
6159,754682
6160,174992
6161,413829
6162,739247
6163,351324
6164,377032
6165,204700
6166,194820
6167,363539
6168,298850
6169,493850
6170,336863
6171,1076201
6172,299991
6173,843333
6174,692458
6175,324169
6176,794390
6177,691016
6178,261815
6179,591530
6180,595660
6181,471888
6182,491123
6183,554765
6184,390022
6185,262043
6186,548707
6187,332154
6188,892744
6189,772761
6190,511009
6191,338863
6192,286155
6193,213707
6194,792736
6195,273240
6196,986795
6197,450764
6198,755443
6199,532687
6200,559245
6201,347859
6202,805246
6203,1688427
6204,262764
6205,822736
6206,537802
6207,397696
6208,267832
6209,466917
6210,511998
6211,627009
6212,325008
6213,599942
6214,214561
6215,327880
6216,438522
6217,529157
6218,504492
6219,341741
6220,1117393
6221,674041
6222,632358
6223,247250
6224,313244
6225,419355
6226,587106
6227,400282
6228,415926
6229,392077
6230,364838
6231,620664
6232,602415
6233,197403
6234,347643
6235,707359
6236,377053
6237,334052
6238,518591
6239,583112
6240,505922
6241,761329
6242,753602
6243,594780
6244,407590
6245,696246
6246,427225
6247,2156822
6248,500476
6249,197300
6250,368061
6251,363989
6252,697386
6253,572433
6254,893071
6255,545585
6256,339905
6257,355397
6258,392861
6259,257970
6260,507788
6261,677549
6262,1003158
6263,519040
6264,306094
6265,183623
6266,575785
6267,429766
6268,266969
6269,295521
6270,206647
6271,1327850
6272,282592
6273,385168
6274,617003
6275,486714
6276,370063
6277,694203
6278,1041978
6279,371127
6280,394497
6281,244995
6282,691239
6283,254720
6284,645472
6285,770612
6286,378249
6287,182844
6288,295228
6289,310934
6290,544962
6291,1566005
6292,524254
6293,346023
6294,305717
6295,278738
6296,674785
6297,331199
6298,671739
6299,488427
6300,295830
6301,1177892
6302,201192
6303,317925
6304,876915
6305,463073
6306,410511
6307,370350
6308,233358
6309,219444
6310,262828
6311,314209
6312,198589
6313,330423
6314,297337
6315,883598
6316,676179
6317,493287
6318,376861
6319,614788
6320,761353
6321,250413
6322,672197
6323,435580
6324,1061287
6325,373247
6326,515878
6327,848246
6328,246321
6329,525150
6330,361024
6331,905949
6332,280561
6333,1253961
6334,513727
6335,626701
6336,423916
6337,1445308
6338,249610
6339,950880
6340,425854
6341,416616
6342,531208
6343,784755
6344,284009
6345,483932
6346,202953
6347,409496
6348,1657124
6349,360894
6350,266139
6351,437181
6352,204687
6353,685697
6354,385080
6355,236910
6356,361299
6357,321761
6358,299477
6359,379177
6360,379052
6361,226123
6362,336424
6363,676190
6364,735107
6365,493875
6366,339895
6367,700389
6368,493051
6369,786455
6370,353237
6371,286105
6372,595252
6373,696768
6374,551765
6375,295577
6376,585308
6377,406621
6378,661199
6379,407608
6380,501182
6381,276529
6382,704455
6383,700399
6384,522027
6385,350933
6386,530039
6387,420996
6388,678706
6389,738191
6390,906166
6391,520428
6392,483710
6393,402424
6394,1296801
6395,602184
6396,339743
6397,682576
6398,1125925
6399,381397
6400,429825
6401,515324
6402,530103
6403,251314
6404,185706
6405,388266
6406,692366
6407,667765
6408,432907
6409,617328
6410,227154
6411,186691
6412,220041
6413,291452
6414,263153
6415,693556
6416,498793
6417,544639
6418,652250
6419,690030
6420,842684
6421,637540
6422,858400
6423,288812
6424,370307
6425,456525
6426,1217225
6427,424833
6428,418792
6429,625584
6430,237913
6431,431079
6432,776374
6433,439306
6434,271089
6435,487545
6436,989815
6437,184283
6438,534224
6439,336613
6440,304972
6441,398780
6442,551383
6443,486770
6444,415631
6445,776416
6446,412683
6447,791814
6448,362976
6449,932270
6450,551272
6451,344156
6452,467563
6453,583594
6454,447376
6455,482953
6456,707207
6457,241533
6458,504162
6459,2357414
6460,543167
6461,710211
6462,607715
6463,337966
6464,508428
6465,536943
6466,728581
6467,422906
6468,907345
6469,480175
6470,195229
6471,301909
6472,355429
6473,354826
6474,413776
6475,258290
6476,647717
6477,467695
6478,181626
6479,417021
6480,414313
6481,585717
6482,339388
6483,318839
6484,435423
6485,208070
